concat,weighted_sum,V
0 0 0,0,184.6498996019364
0 0 1,1,185.73942780494693
0 0 2,2,186.93833053112036
0 0 3,3,188.13741207122808
0 0 4,4,189.40365314483645
0 0 5,5,190.68980216979983
0 0 6,6,192.00535118579867
0 0 7,7,193.32250952720645
0 0 8,8,194.6645677089692
0 0 9,9,196.05034589767465
0 0 10,10,197.50517606735235
0 0 11,11,198.9980041980744
0 0 12,12,200.47439634799963
0 0 13,13,201.99781656265264
0 0 14,14,203.57821881771093
0 0 15,15,205.1962167024613
0 0 16,16,206.8616896867753
0 1 0,1,185.73288619518283
0 1 1,2,186.9418025016785
0 1 2,3,188.1661266088486
0 1 3,4,189.4437521696091
0 1 4,5,190.72391092777252
0 1 5,6,192.0252442359925
0 1 6,7,193.35766136646276
0 1 7,8,194.7019547224045
0 1 8,9,196.0663944482804
0 1 9,10,197.51721620559695
0 1 10,11,198.97875189781195
0 1 11,12,200.4880160093308
0 1 12,13,202.0054161548615
0 1 13,14,203.5618275403977
0 1 14,15,205.19565045833596
0 1 15,16,206.8656980991364
0 1 16,17,208.5462659597397
0 2 0,2,186.91943585872653
0 2 1,3,188.1492584943772
0 2 2,4,189.43344056606296
0 2 3,5,190.72216749191287
0 2 4,6,192.0244246721268
0 2 5,7,193.35836172103885
0 2 6,8,194.7270184755326
0 2 7,9,196.0722059
0 2 8,10,197.4840015172959
0 2 9,11,198.96952807903293
0 2 10,12,200.48986375331884
0 2 11,13,202.01161503791812
0 2 12,14,203.5688906908036
0 2 13,15,205.20164072513583
0 2 14,16,206.8567425012589
0 2 15,17,208.54933559894567
0 2 16,18,210.27718484401709
0 3 0,3,188.1375014781952
0 3 1,4,189.4200146198273
0 3 2,5,190.70698320865637
0 3 3,6,192.0219659805298
0 3 4,7,193.35769116878512
0 3 5,8,194.7180032730103
0 3 6,9,196.07667624950412
0 3 7,10,197.50146567821508
0 3 8,11,198.9681869745255
0 3 9,12,200.4992067813874
0 3 10,13,202.02536880970007
0 3 11,14,203.60140502452856
0 3 12,15,205.19396662712103
0 3 13,16,206.8587243556977
0 3 14,17,208.55885744094851
0 3 15,18,210.2849036455155
0 3 16,19,212.02334761619576
0 4 0,4,189.4030719995499
0 4 1,5,190.71057438850409
0 4 2,6,192.0069754123688
0 4 3,7,193.34509968757632
0 4 4,8,194.70244646072396
0 4 5,9,196.0873603820801
0 4 6,10,197.50037789344796
0 4 7,11,198.9551037549973
0 4 8,12,200.4876881837845
0 4 9,13,202.0029723644257
0 4 10,14,203.59590649604803
0 4 11,15,205.19807934761053
0 4 12,16,206.8702727556229
0 4 13,17,208.5834146
0 4 14,18,210.27465164661413
0 4 15,19,212.03137934207925
0 4 16,20,213.83072435855877
0 5 0,5,190.6773149967194
0 5 1,6,192.00854003429416
0 5 2,7,193.3395862579346
0 5 3,8,194.68757510185247
0 5 4,9,196.0929930210114
0 5 5,10,197.51949608325964
0 5 6,11,198.9841908216477
0 5 7,12,200.49984753131872
0 5 8,13,202.0091116428376
0 5 9,14,203.5815417766572
0 5 10,15,205.20401000976568
0 5 11,16,206.8608850240708
0 5 12,17,208.56191217899328
0 5 13,18,210.28621494770056
0 5 14,19,212.0373845100404
0 5 15,20,213.85242044925695
0 5 16,21,215.68547189235696
0 6 0,6,191.97733700275424
0 6 1,7,193.3395713567734
0 6 2,8,194.68206167221075
0 6 3,9,196.0671097040177
0 6 4,10,197.4990367889405
0 6 5,11,198.9612728357316
0 6 6,12,200.468733906746
0 6 7,13,202.0443975925446
0 6 8,14,203.60843837261208
0 6 9,15,205.2235305309296
0 6 10,16,206.88237249851232
0 6 11,17,208.58284831047064
0 6 12,18,210.30491590499884
0 6 13,19,212.06367015838632
0 6 14,20,213.8538063
0 6 15,21,215.69687128067025
0 6 16,22,217.57134795188912
0 7 0,7,193.29389929771423
0 7 1,8,194.6977674961091
0 7 2,9,196.0737854242325
0 7 3,10,197.4970400333405
0 7 4,11,198.97989928722387
0 7 5,12,200.47558844089517
0 7 6,13,202.03357934951788
0 7 7,14,203.62059772014624
0 7 8,15,205.23075759410864
0 7 9,16,206.88956975936892
0 7 10,17,208.5918635129929
0 7 11,18,210.29379963874825
0 7 12,19,212.06955611705789
0 7 13,20,213.84839713573464
0 7 14,21,215.7171219587327
0 7 15,22,217.5706476
0 7 16,23,219.47623789310464
0 8 0,8,194.65881586074835
0 8 1,9,196.09017670154577
0 8 2,10,197.4951475858689
0 8 3,11,198.9948451519013
0 8 4,12,200.4878818988801
0 8 5,13,202.050805091858
0 8 6,14,203.6315649747849
0 8 7,15,205.20596206188208
0 8 8,16,206.89536631107336
0 8 9,17,208.595097064972
0 8 10,18,210.30266582965857
0 8 11,19,212.06980943679815
0 8 12,20,213.8922512531281
0 8 13,21,215.70841968059548
0 8 14,22,217.5742983818055
0 8 15,23,219.4900959730149
0 8 16,24,221.42963111400613
0 9 0,9,196.05101644992837
0 9 1,10,197.50198721885687
0 9 2,11,198.9752352237702
0 9 3,12,200.4781961441041
0 9 4,13,202.03293859958652
0 9 5,14,203.6429941654206
0 9 6,15,205.22411167621615
0 9 7,16,206.89012110233315
0 9 8,17,208.5957676172257
0 9 9,18,210.3275209665299
0 9 10,19,212.0819091796876
0 9 11,20,213.867485523224
0 9 12,21,215.72913229465493
0 9 13,22,217.59332716465005
0 9 14,23,219.49213743209847
0 9 15,24,221.4398682117463
0 9 16,25,223.4409302473069
0 10 0,10,197.4575669
0 10 1,11,198.94577562809
0 10 2,12,200.481340289116
0 10 3,13,202.04648375511172
0 10 4,14,203.6214023828507
0 10 5,15,205.24621009826663
0 10 6,16,206.87170326709756
0 10 7,17,208.60561728477484
0 10 8,18,210.3352993726731
0 10 9,19,212.09505200386056
0 10 10,20,213.8849049806596
0 10 11,21,215.76133370399484
0 10 12,22,217.61399507522592
0 10 13,23,219.5134907960893
0 10 14,24,221.49254381656652
0 10 15,25,223.43818843364724
0 10 16,26,225.47020018100747
0 11 0,11,198.9320665597916
0 11 1,12,200.4807740449906
0 11 2,13,202.01604068279272
0 11 3,14,203.6555558
0 11 4,15,205.2470892667771
0 11 5,16,206.90023899078372
0 11 6,17,208.5875272750855
0 11 7,18,210.3412449359895
0 11 8,19,212.12708950042733
0 11 9,20,213.9048874378205
0 11 10,21,215.74622392654427
0 11 11,22,217.6359295845033
0 11 12,23,219.54141557216653
0 11 13,24,221.48463129997265
0 11 14,25,223.4564572572709
0 11 15,26,225.493148
0 11 16,27,227.54980623722085
0 12 0,12,200.45694708824163
0 12 1,13,202.01037824153903
0 12 2,14,203.62322032451635
0 12 3,15,205.27966320514685
0 12 4,16,206.89949393272408
0 12 5,17,208.58374238014227
0 12 6,18,210.3282958
0 12 7,19,212.1058553457261
0 12 8,20,213.9158844947816
0 12 9,21,215.76757729053503
0 12 10,22,217.6472395658494
0 12 11,23,219.5548266
0 12 12,24,221.5026319026948
0 12 13,25,223.51251542568212
0 12 14,26,225.50749778747567
0 12 15,27,227.57333517074596
0 12 16,28,229.6706140041352
0 13 0,13,201.993614435196
0 13 1,14,203.59554886817935
0 13 2,15,205.2548378705979
0 13 3,16,206.90976083278665
0 13 4,17,208.5898667573929
0 13 5,18,210.33176779747015
0 13 6,19,212.1213376522065
0 13 7,20,213.92956376075756
0 13 8,21,215.7776206731797
0 13 9,22,217.65914559364327
0 13 10,23,219.56969797611245
0 13 11,24,221.53027355670935
0 13 12,25,223.5169708728791
0 13 13,26,225.52719712257397
0 13 14,27,227.590560913086
0 13 15,28,229.68339920043957
0 13 16,29,231.8032830953599
0 14 0,14,203.6326527595521
0 14 1,15,205.2264958620072
0 14 2,16,206.88833296298984
0 14 3,17,208.621308207512
0 14 4,18,210.3271037340165
0 14 5,19,212.12872862815863
0 14 6,20,213.95708620548257
0 14 7,21,215.7876789569856
0 14 8,22,217.6816016435624
0 14 9,23,219.5927947759629
0 14 10,24,221.5481996536256
0 14 11,25,223.53696823120129
0 14 12,26,225.56324303150183
0 14 13,27,227.6208847761155
0 14 14,28,229.7050357
0 14 15,29,231.83007538318645
0 14 16,30,234.00548100471508
0 15 0,15,205.23199439048773
0 15 1,16,206.8754286
0 15 2,17,208.61485600471505
0 15 3,18,210.3467435
0 15 4,19,212.11902797222143
0 15 5,20,213.9478474855424
0 15 6,21,215.77556431293496
0 15 7,22,217.69310534000405
0 15 8,23,219.61621940135964
0 15 9,24,221.56715393066412
0 15 10,25,223.54206442832955
0 15 11,26,225.59931874275216
0 15 12,27,227.63669490814215
0 15 13,28,229.73792254924783
0 15 14,29,231.8853735923768
0 15 15,30,234.0498417615892
0 15 16,31,236.23624444007885
0 16 0,16,206.89345896244052
0 16 1,17,208.59363675117496
0 16 2,18,210.34011244773876
0 16 3,19,212.12245523929604
0 16 4,20,213.9318138360978
0 16 5,21,215.8000320196153
0 16 6,22,217.6862061023713
0 16 7,23,219.63393688201916
0 16 8,24,221.5866446495057
0 16 9,25,223.57839345932013
0 16 10,26,225.5980223417283
0 16 11,27,227.6813983917237
0 16 12,28,229.7817319631577
0 16 13,29,231.90274834632885
0 16 14,30,234.0815812349321
0 16 15,31,236.2695634365083
0 16 16,32,238.47509920597088
1 0 0,16,201.98979973793035
1 0 1,17,203.59070599079132
1 0 2,18,205.16084134578708
1 0 3,19,206.7712098360062
1 0 4,20,208.4592878818512
1 0 5,21,210.15505492687228
1 0 6,22,211.8988484144211
1 0 7,23,213.6512845754624
1 0 8,24,215.45927226543432
1 0 9,25,217.3106968402863
1 0 10,26,219.1625833511353
1 0 11,27,221.0873812437058
1 0 12,28,223.01818430423745
1 0 13,29,225.01072287559515
1 0 14,30,227.03622281551367
1 0 15,31,229.0994375944138
1 0 16,32,231.2042415
1 1 0,17,203.58027517795568
1 1 1,18,205.1537036895752
1 1 2,19,206.78584277629852
1 1 3,20,208.5012644529343
1 1 4,21,210.15146374702456
1 1 5,22,211.8949890136719
1 1 6,23,213.6432975530625
1 1 7,24,215.42823314666757
1 1 8,25,217.26725995540625
1 1 9,26,219.190999865532
1 1 10,27,221.0859954357148
1 1 11,28,223.0643182992936
1 1 12,29,225.0086367
1 1 13,30,227.04401612281805
1 1 14,31,229.116514325142
1 1 15,32,231.19685053825384
1 1 16,33,233.32138359546667
1 2 0,18,205.15215396881104
1 2 1,19,206.80901408195496
1 2 2,20,208.4712088108063
1 2 3,21,210.1681232452393
1 2 4,22,211.89700067043307
1 2 5,23,213.66061270236972
1 2 6,24,215.45198559761053
1 2 7,25,217.28801727294928
1 2 8,26,219.19542551040652
1 2 9,27,221.09121084213265
1 2 10,28,223.02931547164923
1 2 11,29,225.01601278781897
1 2 12,30,227.03437507152563
1 2 13,31,229.09019887447363
1 2 14,32,231.21176660060888
1 2 15,33,233.32367837429047
1 2 16,34,235.50249636173257
1 3 0,19,206.7806422710419
1 3 1,20,208.4637135267258
1 3 2,21,210.14542877674103
1 3 3,22,211.8818759918213
1 3 4,23,213.6338949203492
1 3 5,24,215.4595554
1 3 6,25,217.29552745819095
1 3 7,26,219.19149160385135
1 3 8,27,221.1038321256638
1 3 9,28,223.02472591400152
1 3 10,29,225.0544577836991
1 3 11,30,227.0684242248536
1 3 12,31,229.12646830081945
1 3 13,32,231.20315372943884
1 3 14,33,233.35316777229315
1 3 15,34,235.50374805927285
1 3 16,35,237.710788846016
1 4 0,20,208.4312736988068
1 4 1,21,210.1206481456757
1 4 2,22,211.8908315896988
1 4 3,23,213.63539993762976
1 4 4,24,215.47034382820132
1 4 5,25,217.2937989234925
1 4 6,26,219.1946804523469
1 4 7,27,221.0963666439057
1 4 8,28,223.0513691902161
1 4 9,29,225.0306606292725
1 4 10,30,227.06291079521185
1 4 11,31,229.12648320198065
1 4 12,32,231.20644688606268
1 4 13,33,233.33200812339788
1 4 14,34,235.5152517557145
1 4 15,35,237.7410978078843
1 4 16,36,239.98115956783303
1 5 0,21,210.13142168521884
1 5 1,22,211.8829786777497
1 5 2,23,213.6503905057908
1 5 3,24,215.4576182365418
1 5 4,25,217.3189371824265
1 5 5,26,219.2133069038392
1 5 6,27,221.13418579101568
1 5 7,28,223.05195033550268
1 5 8,29,225.0463068485261
1 5 9,30,227.05051302909857
1 5 10,31,229.1024029254914
1 5 11,32,231.21351003646856
1 5 12,33,233.3705872297288
1 5 13,34,235.5445474386216
1 5 14,35,237.71844804286965
1 5 15,36,239.98883366584784
1 5 16,37,242.2611862421037
1 6 0,22,211.86609566211703
1 6 1,23,213.6357575654984
1 6 2,24,215.45894443988809
1 6 3,25,217.3024564981461
1 6 4,26,219.1562801599503
1 6 5,27,221.1138010025025
1 6 6,28,223.05521368980413
1 6 7,29,225.04971921443945
1 6 8,30,227.0741760730744
1 6 9,31,229.12265360355383
1 6 10,32,231.21669888496405
1 6 11,33,233.3643734455109
1 6 12,34,235.5329394340516
1 6 13,35,237.74878680706036
1 6 14,36,239.9905025959016
1 6 15,37,242.2484904527665
1 6 16,38,244.57059800624856
1 7 0,23,213.6280536651612
1 7 1,24,215.4467552900315
1 7 2,25,217.3008620738984
1 7 3,26,219.18846666812905
1 7 4,27,221.09770774841317
1 7 5,28,223.05320203304296
1 7 6,29,225.0549495220185
1 7 7,30,227.08718478679663
1 7 8,31,229.1697263717652
1 7 9,32,231.22105002403265
1 7 10,33,233.36833715438848
1 7 11,34,235.54302752017983
1 7 12,35,237.73582279682168
1 7 13,36,240.0088012218476
1 7 14,37,242.27906763553628
1 7 15,38,244.5802092552186
1 7 16,39,246.90471589565288
1 8 0,24,215.4571563005448
1 8 1,25,217.29455888271335
1 8 2,26,219.16151046752933
1 8 3,27,221.08241915702823
1 8 4,28,223.06245565414437
1 8 5,29,225.0842303037644
1 8 6,30,227.07796096801763
1 8 7,31,229.13911938667303
1 8 8,32,231.26058280467996
1 8 9,33,233.3754301071168
1 8 10,34,235.55928468704232
1 8 11,35,237.7653270959855
1 8 12,36,240.0054335594178
1 8 13,37,242.2729283571244
1 8 14,38,244.59579586982736
1 8 15,39,246.9190955162049
1 8 16,40,249.2929399
1 9 0,25,217.2702997922898
1 9 1,26,219.17878091335305
1 9 2,27,221.0980504751206
1 9 3,28,223.04284572601324
1 9 4,29,225.0523269176484
1 9 5,30,227.10752487182623
1 9 6,31,229.15190458297732
1 9 7,32,231.24508559703835
1 9 8,33,233.38194191455847
1 9 9,34,235.5719506740571
1 9 10,35,237.75462806224832
1 9 11,36,240.02780020236975
1 9 12,37,242.2879636
1 9 13,38,244.62151527404797
1 9 14,39,246.94201350212103
1 9 15,40,249.295935034752
1 9 16,41,251.70844793319716
1 10 0,26,219.1432565450669
1 10 1,27,221.07860445976263
1 10 2,28,223.02977740764624
1 10 3,29,225.0571697950364
1 10 4,30,227.07891464233404
1 10 5,31,229.16831076145175
1 10 6,32,231.24377429485327
1 10 7,33,233.38627815246588
1 10 8,34,235.55557429790505
1 10 9,35,237.77222633361825
1 10 10,36,240.03772437572488
1 10 11,37,242.29997396469125
1 10 12,38,244.6327060461045
1 10 13,39,246.95649743080148
1 10 14,40,249.3280768394471
1 10 15,41,251.74239277839672
1 10 16,42,254.1700303554536
1 11 0,27,221.08218073844915
1 11 1,28,223.0315655469895
1 11 2,29,225.04849731922155
1 11 3,30,227.09688544273385
1 11 4,31,229.1606962680817
1 11 5,32,231.279879808426
1 11 6,33,233.39509963989263
1 11 7,34,235.5773597955705
1 11 8,35,237.77534067630776
1 11 9,36,240.0427758693696
1 11 10,37,242.34308302402505
1 11 11,38,244.61935460567483
1 11 12,39,246.9632476568223
1 11 13,40,249.34838712215432
1 11 14,41,251.75595283508312
1 11 15,42,254.2063891887666
1 11 16,43,256.6497623920442
1 12 0,28,223.0364084243775
1 12 1,29,225.02307593822485
1 12 2,30,227.0724624395371
1 12 3,31,229.1548848152161
1 12 4,32,231.2492579221726
1 12 5,33,233.4066033363343
1 12 6,34,235.58072745800027
1 12 7,35,237.80173063278207
1 12 8,36,240.0843948
1 12 9,37,242.33819544315347
1 12 10,38,244.655340909958
1 12 11,39,246.9802796840669
1 12 12,40,249.3634670972825
1 12 13,41,251.7748773097993
1 12 14,42,254.23127412796032
1 12 15,43,256.66168332099926
1 12 16,44,259.17872786521923
1 13 0,29,225.02855956554416
1 13 1,30,227.0632833242417
1 13 2,31,229.16331887245184
1 13 3,32,231.2740236520768
1 13 4,33,233.39463770389565
1 13 5,34,235.58494448661813
1 13 6,35,237.8058284521104
1 13 7,36,240.04559218883523
1 13 8,37,242.34400689601907
1 13 9,38,244.66088414192208
1 13 10,39,247.0123320817948
1 13 11,40,249.3869513
1 13 12,41,251.78882479667675
1 13 13,42,254.2303204536439
1 13 14,43,256.69339299201977
1 13 15,44,259.1984570026399
1 13 16,45,261.73314452171337
1 14 0,30,227.10633277893072
1 14 1,31,229.13593053817755
1 14 2,32,231.28791153430944
1 14 3,33,233.43914747238168
1 14 4,34,235.59577763080603
1 14 5,35,237.8132790327073
1 14 6,36,240.06859958171853
1 14 7,37,242.3821985721589
1 14 8,38,244.6911036968232
1 14 9,39,247.0038980245591
1 14 10,40,249.40492212772375
1 14 11,41,251.8165409564973
1 14 12,42,254.26140427589428
1 14 13,43,256.71887397766125
1 14 14,44,259.22763347625744
1 14 15,45,261.74575090408337
1 14 16,46,264.3061876296998
1 15 0,31,229.14664447307592
1 15 1,32,231.30236566066748
1 15 2,33,233.4467470645905
1 15 3,34,235.61739921569836
1 15 4,35,237.8166615962983
1 15 5,36,240.07199704647076
1 15 6,37,242.3601150512696
1 15 7,38,244.6874827146531
1 15 8,39,247.03186750412
1 15 9,40,249.4125962257386
1 15 10,41,251.84276700019848
1 15 11,42,254.28298115730297
1 15 12,43,256.76387548446667
1 15 13,44,259.2597306
1 15 14,45,261.77823543548595
1 15 15,46,264.3491029739381
1 15 16,47,266.9583261013032
1 16 0,32,231.24727606773385
1 16 1,33,233.4161549806596
1 16 2,34,235.62532663345343
1 16 3,35,237.8155142068864
1 16 4,36,240.0911748409272
1 16 5,37,242.37580597400677
1 16 6,38,244.69383060932168
1 16 7,39,247.0715641975404
1 16 8,40,249.42049384117132
1 16 9,41,251.86803936958324
1 16 10,42,254.30700182914745
1 16 11,43,256.7909657955171
1 16 12,44,259.3055367469789
1 16 13,45,261.8234455585481
1 16 14,46,264.3866240978242
1 16 15,47,266.98875427246105
1 16 16,48,269.58540081977856
2 0 0,32,222.47360646724704
2 0 1,33,224.50949251651767
2 0 2,34,226.5167385339737
2 0 3,35,228.56451570987704
2 0 4,36,230.65914213657385
2 0 5,37,232.78459906578067
2 0 6,38,234.9464893341065
2 0 7,39,237.1447384357453
2 0 8,40,239.37183618545535
2 0 9,41,241.6450530290604
2 0 10,42,243.9505308866501
2 0 11,43,246.28798663616183
2 0 12,44,248.65621328353888
2 0 13,45,251.0689496994019
2 0 14,46,253.5183727741242
2 0 15,47,255.97569346427923
2 0 16,48,258.46883654594427
2 1 0,33,224.4909703731537
2 1 1,34,226.52266919612887
2 1 2,35,228.57895493507388
2 1 3,36,230.67919909954077
2 1 4,37,232.77302086353305
2 1 5,38,234.94011163711556
2 1 6,39,237.1410429477692
2 1 7,40,239.3781096
2 1 8,41,241.6429221630097
2 1 9,42,243.9569085836411
2 1 10,43,246.27910554409036
2 1 11,44,248.67209792137152
2 1 12,45,251.0690093040467
2 1 13,46,253.5296082496644
2 1 14,47,255.97536563873297
2 1 15,48,258.4713995456696
2 1 16,49,260.99291443824774
2 2 0,34,226.50824487209323
2 2 1,35,228.5698056221009
2 2 2,36,230.66830635070804
2 2 3,37,232.7814549207688
2 2 4,38,234.9534928798676
2 2 5,39,237.13447153568276
2 2 6,40,239.37642574310308
2 2 7,41,241.6421622037888
2 2 8,42,243.98127198219305
2 2 9,43,246.28561735153204
2 2 10,44,248.6556619405747
2 2 11,45,251.07008218765264
2 2 12,46,253.4934282302857
2 2 13,47,255.98582625389105
2 2 14,48,258.47521424293524
2 2 15,49,260.99365949630743
2 2 16,50,263.5661661624909
2 3 0,35,228.548675775528
2 3 1,36,230.67408800125125
2 3 2,37,232.77470469474795
2 3 3,38,234.95344817638403
2 3 4,39,237.1599525213242
2 3 5,40,239.3818050622941
2 3 6,41,241.65606498718267
2 3 7,42,243.9692616462708
2 3 8,43,246.313750743866
2 3 9,44,248.67154657840732
2 3 10,45,251.07571482658392
2 3 11,46,253.5220384597779
2 3 12,47,255.98686933517465
2 3 13,48,258.4849894046784
2 3 14,49,261.02101802825933
2 3 15,50,263.57257366180426
2 3 16,51,266.1822736263276
2 4 0,36,230.6587398052216
2 4 1,37,232.77784883975983
2 4 2,38,234.9329292774201
2 4 3,39,237.16107010841372
2 4 4,40,239.3773496150971
2 4 5,41,241.65351688861853
2 4 6,42,243.9473271369935
2 4 7,43,246.3402301073075
2 4 8,44,248.69146943092352
2 4 9,45,251.1089146137238
2 4 10,46,253.54003906250009
2 4 11,47,255.9854090213776
2 4 12,48,258.49136710166937
2 4 13,49,261.01830601692205
2 4 14,50,263.5872364
2 4 15,51,266.189068555832
2 4 16,52,268.77343654632574
2 5 0,37,232.78561234474185
2 5 1,38,234.9506914615632
2 5 2,39,237.1615320444108
2 5 3,40,239.4081950187684
2 5 4,41,241.6533232
2 5 5,42,243.9619898796082
2 5 6,43,246.3210523
2 5 7,44,248.6711591482163
2 5 8,45,251.10292434692388
2 5 9,46,253.5226941108704
2 5 10,47,255.99917769432076
2 5 11,48,258.4844827651978
2 5 12,49,261.04614138603216
2 5 13,50,263.5870277881623
2 5 14,51,266.16972684860235
2 5 15,52,268.7825560569764
2 5 16,53,271.43135666847235
2 6 0,38,234.96204614639288
2 6 1,39,237.1382713317872
2 6 2,40,239.37924206256872
2 6 3,41,241.64597690105444
2 6 4,42,243.9535558223725
2 6 5,43,246.31801247596744
2 6 6,44,248.70033562183383
2 6 7,45,251.1096894741059
2 6 8,46,253.5356581211091
2 6 9,47,256.0057938098908
2 6 10,48,258.5160136
2 6 11,49,261.03892922401434
2 6 12,50,263.60160112380987
2 6 13,51,266.17720723152166
2 6 14,52,268.8098847866059
2 6 15,53,271.44220471382147
2 6 16,54,274.12199974060064
2 7 0,39,237.1363043785096
2 7 1,40,239.37118053436285
2 7 2,41,241.65688455104836
2 7 3,42,243.982806801796
2 7 4,43,246.3041245937348
2 7 5,44,248.68974089622503
2 7 6,45,251.1036098003388
2 7 7,46,253.5328865
2 7 8,47,256.00498914718634
2 7 9,48,258.5251629
2 7 10,49,261.0405385494233
2 7 11,50,263.6102735996247
2 7 12,51,266.18978381156927
2 7 13,52,268.8232362270356
2 7 14,53,271.4512050151825
2 7 15,54,274.1302847862244
2 7 16,55,276.8487632274629
2 8 0,40,239.38038945198065
2 8 1,41,241.65378510952
2 8 2,42,243.9530640840531
2 8 3,43,246.30625545978552
2 8 4,44,248.70756268501287
2 8 5,45,251.11845135688787
2 8 6,46,253.56847047805792
2 8 7,47,256.0098767280579
2 8 8,48,258.5387229919434
2 8 9,49,261.0712051391602
2 8 10,50,263.6070847511292
2 8 11,51,266.2148773670197
2 8 12,52,268.8348591327668
2 8 13,53,271.4719474315644
2 8 14,54,274.1436660289765
2 8 15,55,276.84861421585094
2 8 16,56,279.5841097831727
2 9 0,41,241.63097143173223
2 9 1,42,243.971273303032
2 9 2,43,246.29910290241247
2 9 3,44,248.68731200695044
2 9 4,45,251.1229515075684
2 9 5,46,253.5440921783448
2 9 6,47,256.01395964622503
2 9 7,48,258.5459649562836
2 9 8,49,261.07808947563177
2 9 9,50,263.6090517044068
2 9 10,51,266.2148475646973
2 9 11,52,268.83494853973394
2 9 12,53,271.49015665054327
2 9 13,54,274.17942881584173
2 9 14,55,276.87302231788647
2 9 15,56,279.600352
2 9 16,57,282.37080574035656
2 10 0,42,243.95389854907995
2 10 1,43,246.30597233772284
2 10 2,44,248.68030846118933
2 10 3,45,251.13311409950265
2 10 4,46,253.54126095771795
2 10 5,47,256.0453414916993
2 10 6,48,258.53502750396734
2 10 7,49,261.0833347
2 10 8,50,263.64329457283026
2 10 9,51,266.2420570850373
2 10 10,52,268.8479125499726
2 10 11,53,271.4903354644776
2 10 12,54,274.1971611976624
2 10 13,55,276.89918875694286
2 10 14,56,279.6154022216798
2 10 15,57,282.3692262
2 10 16,58,285.15666723251354
2 11 0,43,246.3099360466004
2 11 1,44,248.6883103847504
2 11 2,45,251.100778579712
2 11 3,46,253.57300043106085
2 11 4,47,256.0257017612458
2 11 5,48,258.5615813732148
2 11 6,49,261.0767781734467
2 11 7,50,263.6353671550752
2 11 8,51,266.24992489814764
2 11 9,52,268.8657939434052
2 11 10,53,271.5395092964173
2 11 11,54,274.2017507553102
2 11 12,55,276.9204080104829
2 11 13,56,279.6483337879182
2 11 14,57,282.3978662490846
2 11 15,58,285.1810455322267
2 11 16,59,287.9661321640016
2 12 0,44,248.69786202907568
2 12 1,45,251.0987520217896
2 12 2,46,253.5648644
2 12 3,47,256.0498714447022
2 12 4,48,258.5433423519135
2 12 5,49,261.0979378
2 12 6,50,263.6718153953553
2 12 7,51,266.275316476822
2 12 8,52,268.86522769927984
2 12 9,53,271.5448439121247
2 12 10,54,274.2329239845277
2 12 11,55,276.91927552223217
2 12 12,56,279.6567678451539
2 12 13,57,282.4167609214784
2 12 14,58,285.1947247982026
2 12 15,59,287.9889607429505
2 12 16,60,290.81109166145336
2 13 0,45,251.09472870826727
2 13 1,46,253.53708863258368
2 13 2,47,256.03550672531134
2 13 3,48,258.5547864437104
2 13 4,49,261.09191775321966
2 13 5,50,263.66800069808966
2 13 6,51,266.2709653377533
2 13 7,52,268.8985764980317
2 13 8,53,271.5543508529664
2 13 9,54,274.24103021621715
2 13 10,55,276.9439518451692
2 13 11,56,279.6762287616731
2 13 12,57,282.4361026
2 13 13,58,285.2328419685365
2 13 14,59,288.01968693733227
2 13 15,60,290.83606600761425
2 13 16,61,293.69017481803905
2 14 0,46,253.5307109355927
2 14 1,47,256.02677464485174
2 14 2,48,258.55877995491034
2 14 3,49,261.1148059368134
2 14 4,50,263.66412639617926
2 14 5,51,266.29886031150824
2 14 6,52,268.91359686851507
2 14 7,53,271.56507968902594
2 14 8,54,274.25506711006176
2 14 9,55,276.97119116783153
2 14 10,56,279.6955108642579
2 14 11,57,282.4608385562898
2 14 12,58,285.26082634925854
2 14 13,59,288.04349899292004
2 14 14,60,290.86604714393627
2 14 15,61,293.71371865272533
2 14 16,62,296.5938448905946
2 15 0,47,256.0136318206788
2 15 1,48,258.5481405258179
2 15 2,49,261.10336184501654
2 15 3,50,263.68695497512823
2 15 4,51,266.30389690399176
2 15 5,52,268.92668008804327
2 15 6,53,271.58927917480474
2 15 7,54,274.2741405963899
2 15 8,55,276.97870135307323
2 15 9,56,279.7204554080964
2 15 10,57,282.48250484466564
2 15 11,58,285.2769494056703
2 15 12,59,288.07878494262707
2 15 13,60,290.89659452438366
2 15 14,61,293.75317692756664
2 15 15,62,296.6292500495912
2 15 16,63,299.5192408561708
2 16 0,48,258.5233747959137
2 16 1,49,261.13623380661016
2 16 2,50,263.6654078960419
2 16 3,51,266.30443334579473
2 16 4,52,268.93395185470587
2 16 5,53,271.59923315048223
2 16 6,54,274.2982804775239
2 16 7,55,277.00090408325207
2 16 8,56,279.7481716
2 16 9,57,282.5094759464265
2 16 10,58,285.3088974952699
2 16 11,59,288.1071567535401
2 16 12,60,290.93679785728466
2 16 13,61,293.78658533096325
2 16 14,62,296.6629266738893
2 16 15,63,299.55169558525097
2 16 16,64,302.4798631668092
3 0 0,48,246.20559811592105
3 0 1,49,248.67369234561923
3 0 2,50,251.0877847671509
3 0 3,51,253.5537779331208
3 0 4,52,256.0237944
3 0 5,53,258.53526592254644
3 0 6,54,261.1005008220673
3 0 7,55,263.68960738182074
3 0 8,56,266.27245545387274
3 0 9,57,268.9235210418702
3 0 10,58,271.5861797332764
3 0 11,59,274.2936313152314
3 0 12,60,277.0248651504517
3 0 13,61,279.78351712226873
3 0 14,62,282.5619876384736
3 0 15,63,285.38858890533453
3 0 16,64,288.18863630294805
3 1 0,49,248.68762493133548
3 1 1,50,251.0823905467988
3 1 2,51,253.5350620746613
3 1 3,52,256.0340762138367
3 1 4,53,258.5452795028687
3 1 5,54,261.11081242561346
3 1 6,55,263.6894285678864
3 1 7,56,266.2732601165772
3 1 8,57,268.9183056354523
3 1 9,58,271.6329097747804
3 1 10,59,274.30537343025213
3 1 11,60,277.0431935787201
3 1 12,61,279.78488802909857
3 1 13,62,282.5640738010407
3 1 14,63,285.36531329154974
3 1 15,64,288.1906628608704
3 1 16,65,291.0714447498322
3 2 0,50,251.09598040580755
3 2 1,51,253.5460889339448
3 2 2,52,256.0290396213532
3 2 3,53,258.5648894309998
3 2 4,54,261.09513640403753
3 2 5,55,263.6829614639283
3 2 6,56,266.28643274307257
3 2 7,57,268.9302861690522
3 2 8,58,271.6133296489716
3 2 9,59,274.3071019649506
3 2 10,60,277.0617306232453
3 2 11,61,279.7772884368897
3 2 12,62,282.6021313667298
3 2 13,63,285.3628396987916
3 2 14,64,288.1971895694733
3 2 15,65,291.0726666450501
3 2 16,66,293.94510388374334
3 3 0,51,253.54030728340155
3 3 1,52,256.0262382030488
3 3 2,53,258.5712671279908
3 3 3,54,261.09462976455694
3 3 4,55,263.6875808238984
3 3 5,56,266.2962377071381
3 3 6,57,268.9460515975953
3 3 7,58,271.61613106727606
3 3 8,59,274.32855963706976
3 3 9,60,277.0507633686066
3 3 10,61,279.8095345497132
3 3 11,62,282.60099887847906
3 3 12,63,285.3851020336152
3 3 13,64,288.2159650325776
3 3 14,65,291.0843193531037
3 3 15,66,293.9364314079285
3 3 16,67,296.84647917747503
3 4 0,52,256.0212612
3 4 1,53,258.5630118846894
3 4 2,54,261.09728217124945
3 4 3,55,263.7050151824952
3 4 4,56,266.3013339042664
3 4 5,57,268.9185738563538
3 4 6,58,271.6136574745179
3 4 7,59,274.3325829505921
3 4 8,60,277.04441547393805
3 4 9,61,279.79755401611334
3 4 10,62,282.5894654
3 4 11,63,285.3845953941346
3 4 12,64,288.20216655731207
3 4 13,65,291.09019041061407
3 4 14,66,293.9479947090149
3 4 15,67,296.85246944427496
3 4 16,68,299.7968494892121
3 5 0,53,258.5433423519135
3 5 1,54,261.0831260681153
3 5 2,55,263.6894881725312
3 5 3,56,266.3035094738007
3 5 4,57,268.9375877380372
3 5 5,58,271.6073095798493
3 5 6,59,274.3179798126221
3 5 7,60,277.0491838455201
3 5 8,61,279.8093259334565
3 5 9,62,282.6060354709626
3 5 10,63,285.37937998771673
3 5 11,64,288.2446646690369
3 5 12,65,291.1049127578736
3 5 13,66,293.9640581607819
3 5 14,67,296.8697547912598
3 5 15,68,299.7992336750031
3 5 16,69,302.7442395687104
3 6 0,54,261.08810305595404
3 6 1,55,263.6855244636536
3 6 2,56,266.31382107734686
3 6 3,57,268.9433693885804
3 6 4,58,271.6089487075806
3 6 5,59,274.34581518173223
3 6 6,60,277.0540118217469
3 6 7,61,279.8032760620118
3 6 8,62,282.6057672500611
3 6 9,63,285.40718555450445
3 6 10,64,288.24287652969366
3 6 11,65,291.1051213741303
3 6 12,66,293.9774990081788
3 6 13,67,296.8694269657136
3 6 14,68,299.79255795478826
3 6 15,69,302.75574326515203
3 6 16,70,305.70903420448315
3 7 0,55,263.6647522449494
3 7 1,56,266.2928402423859
3 7 2,57,268.9428627490998
3 7 3,58,271.6111838817597
3 7 4,59,274.3082344532013
3 7 5,60,277.05380320549017
3 7 6,61,279.8380553722382
3 7 7,62,282.6164364814759
3 7 8,63,285.44718027114874
3 7 9,64,288.25157880783087
3 7 10,65,291.09779000282293
3 7 11,66,293.99082064628607
3 7 12,67,296.88861966133123
3 7 13,68,299.8273968696595
3 7 14,69,302.7708232402802
3 7 15,70,305.72327971458446
3 7 16,71,308.73659253120434
3 8 0,56,266.29254221916204
3 8 1,57,268.93329620361334
3 8 2,58,271.6039717197419
3 8 3,59,274.3149399757386
3 8 4,60,277.0810723304749
3 8 5,61,279.83647584915167
3 8 6,62,282.5962901115418
3 8 7,63,285.4259908199311
3 8 8,64,288.25867176055914
3 8 9,65,291.10136628150946
3 8 10,66,293.9904928207398
3 8 11,67,296.91937565803534
3 8 12,68,299.8214662075044
3 8 13,69,302.76492238044744
3 8 14,70,305.7354986667634
3 8 15,71,308.7505102157594
3 8 16,72,311.7497265338899
3 9 0,57,268.91466975212103
3 9 1,58,271.6065645217896
3 9 2,59,274.3379473686219
3 9 3,60,277.05046534538275
3 9 4,61,279.8245549201966
3 9 5,62,282.6365232467652
3 9 6,63,285.44962406158453
3 9 7,64,288.2767021656037
3 9 8,65,291.1506891250611
3 9 9,66,294.0109670162201
3 9 10,67,296.91788554191595
3 9 11,68,299.8503447
3 9 12,69,302.7706444263459
3 9 13,70,305.75862526893627
3 9 14,71,308.7612688541413
3 9 15,72,311.7674291133882
3 9 16,73,314.8061335086824
3 10 0,58,271.61905169487005
3 10 1,59,274.3241191
3 10 2,60,277.0509421825409
3 10 3,61,279.85206246376043
3 10 4,62,282.61578083038336
3 10 5,63,285.4201197624207
3 10 6,64,288.2800102233888
3 10 7,65,291.1601066589356
3 10 8,66,294.02527213096624
3 10 9,67,296.9211936
3 10 10,68,299.8573482036591
3 10 11,69,302.8081357479096
3 10 12,70,305.7876527309419
3 10 13,71,308.78189206123363
3 10 14,72,311.7921054363252
3 10 15,73,314.82383608818066
3 10 16,74,317.86394119262707
3 11 0,59,274.31306242942816
3 11 1,60,277.04903483390814
3 11 2,61,279.8154950141908
3 11 3,62,282.60591626167303
3 11 4,63,285.4615449905396
3 11 5,64,288.2823050022126
3 11 6,65,291.15509986877447
3 11 7,66,294.02932524681097
3 11 8,67,296.93409800529486
3 11 9,68,299.8912930488587
3 11 10,69,302.8302192687989
3 11 11,70,305.79450726509106
3 11 12,71,308.7931573390962
3 11 13,72,311.8104637
3 11 14,73,314.8380517959596
3 11 15,74,317.87925958633434
3 11 16,75,320.97479701042187
3 12 0,60,277.0471274852753
3 12 1,61,279.82971072196966
3 12 2,62,282.61575102806097
3 12 3,63,285.4749262332917
3 12 4,64,288.27702999115
3 12 5,65,291.1683320999146
3 12 6,66,294.06526684761053
3 12 7,67,296.9630062580109
3 12 8,68,299.89090561866766
3 12 9,69,302.8482496738435
3 12 10,70,305.8210611343385
3 12 11,71,308.8097870349885
3 12 12,72,311.8319809436799
3 12 13,73,314.8579895496369
3 12 14,74,317.9018199443818
3 12 15,75,320.9773302078248
3 12 16,76,324.07695055007946
3 13 0,61,279.82777357101446
3 13 1,62,282.6149761676789
3 13 2,63,285.44589877128607
3 13 3,64,288.2801294326783
3 13 4,65,291.1497056484223
3 13 5,66,294.0609753131867
3 13 6,67,296.96267843246466
3 13 7,68,299.91054534912115
3 13 8,69,302.8620183467866
3 13 9,70,305.8367371559144
3 13 10,71,308.8369369506837
3 13 11,72,311.8531703948976
3 13 12,73,314.8790001869203
3 13 13,74,317.93007254600536
3 13 14,75,321.0090696811677
3 13 15,76,324.09170269966137
3 13 16,77,327.2046744823457
3 14 0,62,282.6166749
3 14 1,63,285.4269742965699
3 14 2,64,288.29565644264227
3 14 3,65,291.16165637969976
3 14 4,66,294.07611489295965
3 14 5,67,296.9925701618195
3 14 6,68,299.9424338
3 14 7,69,302.89483070373547
3 14 8,70,305.8552145957948
3 14 9,71,308.855712413788
3 14 10,72,311.8721246719361
3 14 11,73,314.9092793464662
3 14 12,74,317.9454803466798
3 14 13,75,321.02960348129284
3 14 14,76,324.1335153579713
3 14 15,77,327.2380232810975
3 14 16,78,330.3577005863191
3 15 0,63,285.4058742523194
3 15 1,64,288.2973254
3 15 2,65,291.1652028560639
3 15 3,66,294.0728068351746
3 15 4,67,296.98595404624945
3 15 5,68,299.93164539337164
3 15 6,69,302.88445949554455
3 15 7,70,305.8944940567018
3 15 8,71,308.8716566562654
3 15 9,72,311.9053840637208
3 15 10,73,314.91827964782726
3 15 11,74,317.9696798324586
3 15 12,75,321.0588395595552
3 15 13,76,324.16275143623363
3 15 14,77,327.26579904556286
3 15 15,78,330.3953707218172
3 15 16,79,333.5285484790803
3 16 0,64,288.2500886917115
3 16 1,65,291.17742180824285
3 16 2,66,294.0881550312043
3 16 3,67,297.00261354446417
3 16 4,68,299.9547719955445
3 16 5,69,302.9112219810487
3 16 6,70,305.8966100215913
3 16 7,71,308.89618396759045
3 16 8,72,311.9238615036012
3 16 9,73,314.9451315402986
3 16 10,74,318.0196881294252
3 16 11,75,321.08750939369213
3 16 12,76,324.1860270500184
3 16 13,77,327.30260491371166
3 16 14,78,330.42728900909435
3 16 15,79,333.57620239257824
3 16 16,80,336.6900086402894
4 0 0,64,272.8558778762818
4 0 1,65,275.71371197700506
4 0 2,66,278.4952819347382
4 0 3,67,281.2968492507935
4 0 4,68,284.1275334358216
4 0 5,69,286.99994087219244
4 0 6,70,289.8638844490052
4 0 7,71,292.7686274051667
4 0 8,72,295.69643735885626
4 0 9,73,298.6401319503785
4 0 10,74,301.6569316387177
4 0 11,75,304.6672344207764
4 0 12,76,307.6629042625428
4 0 13,77,310.7008337974549
4 0 14,78,313.7521147727967
4 0 15,79,316.82935357093817
4 0 16,80,319.91967558860784
4 1 0,65,275.7101953029633
4 1 1,66,278.5062789916993
4 1 2,67,281.3029587
4 1 3,68,284.1342985630036
4 1 4,69,286.9924902915955
4 1 5,70,289.8744344711304
4 1 6,71,292.77962446212774
4 1 7,72,295.71893811225897
4 1 8,73,298.64817857742315
4 1 9,74,301.6720116138459
4 1 10,75,304.6491146087647
4 1 11,76,307.6791465282441
4 1 12,77,310.7039332389832
4 1 13,78,313.7571811676026
4 1 14,79,316.8327212
4 1 15,80,319.92188096046453
4 1 16,81,323.0457008
4 2 0,66,278.4990072250367
4 2 1,67,281.30307793617254
4 2 2,68,284.13316607475286
4 2 3,69,286.9978249073029
4 2 4,70,289.8775041103364
4 2 5,71,292.78561472892767
4 2 6,72,295.7220673561097
4 2 7,73,298.66054654121405
4 2 8,74,301.6695380210877
4 2 9,75,304.6753108501435
4 2 10,76,307.6809644699097
4 2 11,77,310.7148408889771
4 2 12,78,313.75122070312506
4 2 13,79,316.8469071388245
4 2 14,80,319.9270963668824
4 2 15,81,323.04093241691595
4 2 16,82,326.18278264999395
4 3 0,67,281.2930345535279
4 3 1,68,284.1381430625916
4 3 2,69,286.99752688407904
4 3 3,70,289.87342119216925
4 3 4,71,292.7784621715546
4 3 5,72,295.71971297264105
4 3 6,73,298.6507713794709
4 3 7,74,301.6686439514161
4 3 8,75,304.67227101325994
4 3 9,76,307.6779246330262
4 3 10,77,310.7207119464875
4 3 11,78,313.7927651405335
4 3 12,79,316.8566524982453
4 3 13,80,319.95797157287603
4 3 14,81,323.0505883693696
4 3 15,82,326.1899948120118
4 3 16,83,329.32469248771673
4 4 0,68,284.1321229934693
4 4 1,69,286.99558973312384
4 4 2,70,289.88218307495123
4 4 3,71,292.7954494953156
4 4 4,72,295.7219481468201
4 4 5,73,298.67339134216314
4 4 6,74,301.64152383804327
4 4 7,75,304.6897649765015
4 4 8,76,307.69568681716925
4 4 9,77,310.7360005378724
4 4 10,78,313.7999773025513
4 4 11,79,316.8591260910035
4 4 12,80,319.92891430854803
4 4 13,81,323.06006550788885
4 4 14,82,326.2047469615937
4 4 15,83,329.3354511260987
4 4 16,84,332.48534798622137
4 5 0,69,286.99359297752386
4 5 1,70,289.88626599311834
4 5 2,71,292.7977144718171
4 5 3,72,295.72430253028875
4 5 4,73,298.66638779640203
4 5 5,74,301.6416430473328
4 5 6,75,304.6900629997254
4 5 7,76,307.7066838741303
4 5 8,77,310.74038147926336
4 5 9,78,313.7766122817994
4 5 10,79,316.87101721763617
4 5 11,80,319.9427723884583
4 5 12,81,323.06903600692755
4 5 13,82,326.20385289192205
4 5 14,83,329.3429017066956
4 5 15,84,332.49288797378546
4 5 16,85,335.6856107711793
4 6 0,70,289.8669242858888
4 6 1,71,292.7860021591187
4 6 2,72,295.72936892509466
4 6 3,73,298.6717522144318
4 6 4,74,301.6773164272309
4 6 5,75,304.656744003296
4 6 6,76,307.7230155467988
4 6 7,77,310.73918938636785
4 6 8,78,313.7878775596619
4 6 9,79,316.87417626380926
4 6 10,80,319.96545195579534
4 6 11,81,323.07845354080206
4 6 12,82,326.20844244956976
4 6 13,83,329.34376597404486
4 6 14,84,332.51249790191656
4 6 15,85,335.6876075267793
4 6 16,86,338.8788998126985
4 7 0,71,292.7790582180024
4 7 1,72,295.73518037796026
4 7 2,73,298.67750406265264
4 7 3,74,301.67308449745184
4 7 4,75,304.66863512992865
4 7 5,76,307.72450566291815
4 7 6,77,310.7706308364869
4 7 7,78,313.81520628929144
4 7 8,79,316.8966472148896
4 7 9,80,319.9626207351685
4 7 10,81,323.0829238891602
4 7 11,82,326.21449232101446
4 7 12,83,329.36608791351324
4 7 13,84,332.5136601924897
4 7 14,85,335.6961011886598
4 7 15,86,338.89061212539684
4 7 16,87,342.09594130516064
4 8 0,72,295.71071267128
4 8 1,73,298.6833751
4 8 2,74,301.67138576507574
4 8 3,75,304.67447638511663
4 8 4,76,307.69664049148565
4 8 5,77,310.7908964157105
4 8 6,78,313.8037323951722
4 8 7,79,316.8860375881196
4 8 8,80,319.9878633022309
4 8 9,81,323.11701774597174
4 8 10,82,326.2299001216889
4 8 11,83,329.37961816787725
4 8 12,84,332.54081010818487
4 8 13,85,335.7188702
4 8 14,86,338.91719579696667
4 8 15,87,342.11266040802013
4 8 16,88,345.3320562839509
4 9 0,73,298.67121577262884
4 9 1,74,301.6841411590577
4 9 2,75,304.6704232692719
4 9 3,76,307.6822162
4 9 4,77,310.7741475105286
4 9 5,78,313.8348758220673
4 9 6,79,316.9086575508118
4 9 7,80,319.99474763870245
4 9 8,81,323.11555743217474
4 9 9,82,326.2509405612946
4 9 10,83,329.3887674808503
4 9 11,84,332.5618505477906
4 9 12,85,335.7399404048921
4 9 13,86,338.9239311218263
4 9 14,87,342.1272337436677
4 9 15,88,345.3492522239686
4 9 16,89,348.5778272151948
4 10 0,74,301.67114734649664
4 10 1,75,304.6755791
4 10 2,76,307.69228935241705
4 10 3,77,310.7478022575379
4 10 4,78,313.8216435909272
4 10 5,79,316.9147074222565
4 10 6,80,320.0113773345948
4 10 7,81,323.14828038215643
4 10 8,82,326.26393437385565
4 10 9,83,329.40939068794256
4 10 10,84,332.5717449188233
4 10 11,85,335.74578166008007
4 10 12,86,338.93567323684704
4 10 13,87,342.1392142772676
4 10 14,88,345.3701734542848
4 10 15,89,348.6042022705079
4 10 16,90,351.8560230731965
4 11 0,75,304.6648502349854
4 11 1,76,307.70295858383184
4 11 2,77,310.7308745384217
4 11 3,78,313.8222992420197
4 11 4,79,316.9142603874207
4 11 5,80,320.0067281723023
4 11 6,81,323.14145565032965
4 11 7,82,326.26515626907354
4 11 8,83,329.42372560501104
4 11 9,84,332.5770199298859
4 11 10,85,335.7617259025575
4 11 11,86,338.9537334
4 11 12,87,342.1594798564912
4 11 13,88,345.38045525550854
4 11 14,89,348.6185967922212
4 11 15,90,351.88478231430065
4 11 16,91,355.1363050937654
4 12 0,76,307.698667
4 12 1,77,310.7311427593232
4 12 2,78,313.8158321380616
4 12 3,79,316.9387578964234
4 12 4,80,320.0154900550843
4 12 5,81,323.1606483459473
4 12 6,82,326.2740373611451
4 12 7,83,329.44327592849737
4 12 8,84,332.59609341621405
4 12 9,85,335.78333258628857
4 12 10,86,338.97805213928234
4 12 11,87,342.1843051910401
4 12 12,88,345.4015851020814
4 12 13,89,348.6402928829194
4 12 14,90,351.8994450569154
4 12 15,91,355.15791177749645
4 12 16,92,358.4372699260713
4 13 0,77,310.7390701770783
4 13 1,78,313.81174921989447
4 13 2,79,316.9446289539338
4 13 3,80,320.0490772724152
4 13 4,81,323.1546283
4 13 5,82,326.3083100318909
4 13 6,83,329.45176959037786
4 13 7,84,332.6120376586915
4 13 8,85,335.8002007
4 13 9,86,338.9999866485597
4 13 10,87,342.21094846725475
4 13 11,88,345.43487429618847
4 13 12,89,348.66520762443554
4 13 13,90,351.9175648689271
4 13 14,91,355.1832735538484
4 13 15,92,358.4648668766023
4 13 16,93,361.7478609085084
4 14 0,78,313.80495429039007
4 14 1,79,316.8959319591523
4 14 2,80,320.02821564674383
4 14 3,81,323.1812417507172
4 14 4,82,326.2974321842194
4 14 5,83,329.46342229843145
4 14 6,84,332.6351642608644
4 14 7,85,335.8154296875001
4 14 8,86,339.0215933322908
4 14 9,87,342.24629402160656
4 14 10,88,345.4669415950776
4 14 11,89,348.68335723876964
4 14 12,90,351.94313526153576
4 14 13,91,355.21292686462414
4 14 14,92,358.5029840469361
4 14 15,93,361.77518963813793
4 14 16,94,365.0783896446229
4 15 0,79,316.8860077857972
4 15 1,80,320.00494003295904
4 15 2,81,323.16759228706366
4 15 3,82,326.3166248798371
4 15 4,83,329.46145534515387
4 15 5,84,332.6564133167268
4 15 6,85,335.8365297317506
4 15 7,86,339.02987837791454
4 15 8,87,342.2570526599885
4 15 9,88,345.4808592796327
4 15 10,89,348.73712062835705
4 15 11,90,351.9827425
4 15 12,91,355.2571535110475
4 15 13,92,358.5250973701478
4 15 14,93,361.8015348911287
4 15 15,94,365.1167452335359
4 15 16,95,368.3893084526063
4 16 0,80,319.9882805347443
4 16 1,81,323.18261265754705
4 16 2,82,326.33244991302496
4 16 3,83,329.47123050689703
4 16 4,84,332.66353607177746
4 16 5,85,335.8632326
4 16 6,86,339.04609084129345
4 16 7,87,342.27880835533153
4 16 8,88,345.5028533935548
4 16 9,89,348.75336289405834
4 16 10,90,351.99984908103954
4 16 11,91,355.2627265
4 16 12,92,358.5627377033235
4 16 13,93,361.8478775024415
4 16 14,94,365.1400804519655
4 16 15,95,368.4005439281465
4 16 16,96,371.7867136001588
5 0 0,80,302.1420240402222
5 0 1,81,305.32231926918035
5 0 2,82,308.37675929069525
5 0 3,83,311.45900487899786
5 0 4,84,314.55755233764654
5 0 5,85,317.66891479492193
5 0 6,86,320.79115509986883
5 0 7,87,323.9388465881348
5 0 8,88,327.09279656410223
5 0 9,89,330.26781678199774
5 0 10,90,333.4993422031403
5 0 11,91,336.68911457061773
5 0 12,92,339.9212062358857
5 0 13,93,343.1501686573029
5 0 14,94,346.4173674583436
5 0 15,95,349.69297051429754
5 0 16,96,352.9685735702515
5 1 0,81,305.3078651428223
5 1 1,82,308.37380886077887
5 1 2,83,311.4552199840546
5 1 3,84,314.5509064197541
5 1 4,85,317.68119335174566
5 1 5,86,320.795089
5 1 6,87,323.9607214927674
5 1 7,88,327.10286974906927
5 1 8,89,330.2829861640931
5 1 9,90,333.4732055664063
5 1 10,91,336.7078006267548
5 1 11,92,339.89897370338446
5 1 12,93,343.14987063407904
5 1 13,94,346.4151620864869
5 1 14,95,349.694848060608
5 1 15,96,352.9690802097321
5 1 16,97,356.2672436237336
5 2 0,82,308.3691596984864
5 2 1,83,311.4599287509919
5 2 2,84,314.5471811294556
5 2 3,85,317.6509439945221
5 2 4,86,320.80268859863287
5 2 5,87,323.9543735980988
5 2 6,88,327.0999491214753
5 2 7,89,330.28498291969305
5 2 8,90,333.4809839725495
5 2 9,91,336.71230077743536
5 2 10,92,339.9170041
5 2 11,93,343.1545794010163
5 2 12,94,346.4173376560212
5 2 13,95,349.69896078109747
5 2 14,96,352.9736995697022
5 2 15,97,356.2585711479188
5 2 16,98,359.57944393157965
5 3 0,83,311.45974993705755
5 3 1,84,314.5563900470734
5 3 2,85,317.65115261077887
5 3 3,86,320.8089172840119
5 3 4,87,323.9565789699555
5 3 5,88,327.1033465862275
5 3 6,89,330.30295372009283
5 3 7,90,333.48545432090765
5 3 8,91,336.6896212100983
5 3 9,92,339.9158716201783
5 3 10,93,343.1766629219056
5 3 11,94,346.41015529632574
5 3 12,95,349.6879935264588
5 3 13,96,352.9831171035767
5 3 14,97,356.26342892646795
5 3 15,98,359.58257317543035
5 3 16,99,362.8979623317719
5 4 0,84,314.5300447940827
5 4 1,85,317.65019893646246
5 4 2,86,320.80608606338507
5 4 3,87,323.9733576774598
5 4 4,88,327.1176218986512
5 4 5,89,330.3136229515076
5 4 6,90,333.49686861038214
5 4 7,91,336.7013335227967
5 4 8,92,339.94549512863165
5 4 9,93,343.1804776191712
5 4 10,94,346.4386761188508
5 4 11,95,349.7073054
5 4 12,96,352.9945313930512
5 4 13,97,356.2846183776856
5 4 14,98,359.5931828022004
5 4 15,99,362.90952563285833
5 4 16,100,366.2506639957429
5 5 0,85,317.64608621597296
5 5 1,86,320.79330086708075
5 5 2,87,323.95336031913763
5 5 3,88,327.1112143993378
5 5 4,89,330.31207323074347
5 5 5,90,333.49663019180304
5 5 6,91,336.70961856842047
5 5 7,92,339.9338126182557
5 5 8,93,343.1690633296967
5 5 9,94,346.4346528053284
5 5 10,95,349.72056746482855
5 5 11,96,353.0037999153138
5 5 12,97,356.29418492317205
5 5 13,98,359.5991134643555
5 5 14,99,362.9175723
5 5 15,100,366.25736951828014
5 5 16,101,369.6046769618989
5 6 0,86,320.7842409610749
5 6 1,87,323.9415884017945
5 6 2,88,327.13708281517034
5 6 3,89,330.3069770336152
5 6 4,90,333.4971368312836
5 6 5,91,336.715579
5 6 6,92,339.9769067764283
5 6 7,93,343.20333600044256
5 6 8,94,346.43754363060003
5 6 9,95,349.7064113616944
5 6 10,96,353.0015349388123
5 6 11,97,356.2963008880616
5 6 12,98,359.61017012596136
5 6 13,99,362.92156577110296
5 6 14,100,366.2682771682741
5 6 15,101,369.6093857288362
5 6 16,102,372.95955419540417
5 7 0,87,323.95234704017645
5 7 1,88,327.12787389755255
5 7 2,89,330.31284809112555
5 7 3,90,333.5165679454804
5 7 4,91,336.71912550926214
5 7 5,92,339.9548530578614
5 7 6,93,343.1954979896546
5 7 7,94,346.4754223823548
5 7 8,95,349.72351789474493
5 7 9,96,353.0228137969971
5 7 10,97,356.3061654567719
5 7 11,98,359.6136569976807
5 7 12,99,362.9357516765595
5 7 13,100,366.27382040023815
5 7 14,101,369.6233034133912
5 7 15,102,372.9799687862397
5 7 16,103,376.3608336448671
5 8 0,88,327.1055817604065
5 8 1,89,330.31448721885687
5 8 2,90,333.5071206092835
5 8 3,91,336.70797944068914
5 8 4,92,339.9698734283448
5 8 5,93,343.2211577892304
5 8 6,94,346.4497626
5 8 7,95,349.72321987152105
5 8 8,96,353.0279994010926
5 8 9,97,356.32130503654486
5 8 10,98,359.6265614032746
5 8 11,99,362.9437983036042
5 8 12,100,366.2816882133485
5 8 13,101,369.6476519
5 8 14,102,372.985064983368
5 8 15,103,376.3648867607118
5 8 16,104,379.7566294670106
5 9 0,89,330.3078413009644
5 9 1,90,333.5109651088715
5 9 2,91,336.7156386375428
5 9 3,92,339.94910120964056
5 9 4,93,343.1982100009919
5 9 5,94,346.4520871639252
5 9 6,95,349.7535884380341
5 9 7,96,353.05279493331915
5 9 8,97,356.34261369705206
5 9 9,98,359.6398830413819
5 9 10,99,362.9642426967621
5 9 11,100,366.3051128387452
5 9 12,101,369.6602880954744
5 9 13,102,373.0051517486573
5 9 14,103,376.370132
5 9 15,104,379.7622025012971
5 9 16,105,383.1627070903779
5 10 0,90,333.5039318
5 10 1,91,336.7168307304383
5 10 2,92,339.95470404624945
5 10 3,93,343.2049751281739
5 10 4,94,346.46877646446234
5 10 5,95,349.75498914718634
5 10 6,96,353.0483543872834
5 10 7,97,356.3580214977265
5 10 8,98,359.66053605079657
5 10 9,99,362.975150346756
5 10 10,100,366.3272857666017
5 10 11,101,369.67116594314587
5 10 12,102,373.0221390724183
5 10 13,103,376.3848841190339
5 10 14,104,379.7921538352968
5 10 15,105,383.1802010536195
5 10 16,106,386.5771591663362
5 11 0,91,336.72171831130987
5 11 1,92,339.9593532085419
5 11 2,93,343.1994318962098
5 11 3,94,346.4731574058533
5 11 4,95,349.7427701950074
5 11 5,96,353.0633449554444
5 11 6,97,356.3520014286042
5 11 7,98,359.6660494804383
5 11 8,99,362.9927337169648
5 11 9,100,366.3304150104524
5 11 10,101,369.6765601634981
5 11 11,102,373.04151058197033
5 11 12,103,376.40812993049633
5 11 13,104,379.8055648803712
5 11 14,105,383.1982910633088
5 11 15,106,386.6008222
5 11 16,107,390.0199830532075
5 12 0,92,339.95851874351507
5 12 1,93,343.20065379142767
5 12 2,94,346.45780920982367
5 12 3,95,349.74789619445806
5 12 4,96,353.05181145668035
5 12 5,97,356.38087987899786
5 12 6,98,359.6834242343903
5 12 7,99,363.0110323429108
5 12 8,100,366.34457111358654
5 12 9,101,369.7149753570558
5 12 10,102,373.0610311031343
5 12 11,103,376.4275312423707
5 12 12,104,379.8236846923829
5 12 13,105,383.2008242607118
5 12 14,106,386.6222500801088
5 12 15,107,390.0446593761445
5 12 16,108,393.4762477874757
5 13 0,93,343.1913554668427
5 13 1,94,346.4667499
5 13 2,95,349.77114200592047
5 13 3,96,353.0395328998566
5 13 4,97,356.3738167
5 13 5,98,359.6847057
5 13 6,99,363.0223870277405
5 13 7,100,366.3677275180818
5 13 8,101,369.7176575660706
5 13 9,102,373.0797767639161
5 13 10,103,376.45074725151073
5 13 11,104,379.8421323299409
5 13 12,105,383.2308650016786
5 13 13,106,386.6515755653383
5 13 14,107,390.0715708732606
5 13 15,108,393.50199699401867
5 13 16,109,396.936059
5 14 0,94,346.47941589355474
5 14 1,95,349.73752498626715
5 14 2,96,353.0630171298981
5 14 3,97,356.37459158897406
5 14 4,98,359.70446467399603
5 14 5,99,363.03183436393743
5 14 6,100,366.3786351680757
5 14 7,101,369.73947286605846
5 14 8,102,373.1074929237367
5 14 9,103,376.4857053756715
5 14 10,104,379.8545300960542
5 14 11,105,383.2642138004304
5 14 12,106,386.6741657257081
5 14 13,107,390.0985419750215
5 14 14,108,393.5286104679109
5 14 15,109,396.9649076461793
5 14 16,110,400.3590047359468
5 15 0,95,349.7412204742432
5 15 1,96,353.06462645530706
5 15 2,97,356.3614487648011
5 15 3,98,359.697848558426
5 15 4,99,363.0403876304628
5 15 5,100,366.39201641082775
5 15 6,101,369.75431442260754
5 15 7,102,373.1198012828828
5 15 8,103,376.4920532703401
5 15 9,104,379.8775672912599
5 15 10,105,383.3027482032777
5 15 11,106,386.6948485374452
5 15 12,107,390.1210129261018
5 15 13,108,393.5568630695344
5 15 14,109,397.0082402
5 15 15,110,400.4155397415162
5 15 16,111,403.91290187835705
5 16 0,96,353.01116108894354
5 16 1,97,356.3648164272309
5 16 2,98,359.71704125404364
5 16 3,99,363.0533814430238
5 16 4,100,366.4015531539918
5 16 5,101,369.7660565376283
5 16 6,102,373.13741445541393
5 16 7,103,376.5210211277009
5 16 8,104,379.9048662
5 16 9,105,383.3160698
5 16 10,106,386.7266774177552
5 16 11,107,390.15695452690136
5 16 12,108,393.5875892639161
5 16 13,109,397.0348834991456
5 16 14,110,400.4521667957307
5 16 15,111,403.9475321769716
5 16 16,112,407.42218494415295
6 0 0,96,332.9691588878632
6 0 1,97,336.33014559745794
6 0 2,98,339.6596014499665
6 0 3,99,342.958688735962
6 0 4,100,346.3084101676941
6 0 5,101,349.6022820472718
6 0 6,102,352.93093323707586
6 0 7,103,356.2664985656739
6 0 8,104,359.6087992191315
6 0 9,105,362.9575967788697
6 0 10,106,366.3981258869172
6 0 11,107,369.7742819786072
6 0 12,108,373.1757700443269
6 0 13,109,376.6040504
6 0 14,110,380.03370165824896
6 0 15,111,383.45944881439215
6 0 16,112,386.9117498397828
6 1 0,97,336.3295495510102
6 1 1,98,339.66499567031866
6 1 2,99,342.98607707023626
6 1 3,100,346.3066518306733
6 1 4,101,349.6012389659882
6 1 5,102,352.9391288757325
6 1 6,103,356.2779128551484
6 1 7,104,359.6067428588868
6 1 8,105,362.9743456840516
6 1 9,106,366.37681722641
6 1 10,107,369.8026537895203
6 1 11,108,373.1806874275208
6 1 12,109,376.60145759582525
6 1 13,110,380.0374567508698
6 1 14,111,383.4619820117951
6 1 15,112,386.9077563285828
6 1 16,113,390.3796076774598
6 2 0,98,339.6631777
6 2 1,99,342.9868817329408
6 2 2,100,346.3080823421479
6 2 3,101,349.60964322090155
6 2 4,102,352.9368937015534
6 2 5,103,356.2771081924439
6 2 6,104,359.6096932888032
6 2 7,105,362.98766732215887
6 2 8,106,366.3930296897889
6 2 9,107,369.79725956916815
6 2 10,108,373.1900751590729
6 2 11,109,376.6003847122193
6 2 12,110,380.0516426563264
6 2 13,111,383.4695219993592
6 2 14,112,386.9109451770783
6 2 15,113,390.3824090957642
6 2 16,114,393.8496708869935
6 3 0,99,342.9501354694367
6 3 1,100,346.30748629570013
6 3 2,101,349.60305690765387
6 3 3,102,352.93796658515936
6 3 4,103,356.2877774238587
6 3 5,104,359.6151769161225
6 3 6,105,362.9930317401887
6 3 7,106,366.3908541202546
6 3 8,107,369.8004484176636
6 3 9,108,373.2138276100159
6 3 10,109,376.6216635704041
6 3 11,110,380.0430595874787
6 3 12,111,383.4853470325471
6 3 13,112,386.9193494319916
6 3 14,113,390.3870284557343
6 3 15,114,393.85405182838446
6 3 16,115,397.3324298858643
6 4 0,100,346.3043868541718
6 4 1,101,349.6056199073792
6 4 2,102,352.93722152709967
6 4 3,103,356.2846183776856
6 4 4,104,359.6200346946717
6 4 5,105,362.9972040653229
6 4 6,106,366.3639128208161
6 4 7,107,369.7951138019562
6 4 8,108,373.2046782970429
6 4 9,109,376.6355514526368
6 4 10,110,380.0476789474488
6 4 11,111,383.49896669387823
6 4 12,112,386.9243860244752
6 4 13,113,390.3964757919312
6 4 14,114,393.8664793968201
6 4 15,115,397.3380327224732
6 4 16,116,400.8160233497621
6 5 0,101,349.6080040931702
6 5 1,102,352.94938087463385
6 5 2,103,356.2839031219483
6 5 3,104,359.62909460067755
6 5 4,105,363.00155520439154
6 5 5,106,366.3951754570008
6 5 6,107,369.7999119758607
6 5 7,108,373.2124269008637
6 5 8,109,376.6435384750367
6 5 9,110,380.0694346427918
6 5 10,111,383.5061192512513
6 5 11,112,386.9313001632691
6 5 12,113,390.4029428958893
6 5 13,114,393.8629925251008
6 5 14,115,397.34274148941046
6 5 15,116,400.8227288722993
6 5 16,117,404.3272733688356
6 6 0,102,352.9354631900788
6 6 1,103,356.2902212142945
6 6 2,104,359.6397042274476
6 6 3,105,363.0159497261048
6 6 4,106,366.3910329341889
6 6 5,107,369.8051869869233
6 6 6,108,373.22318553924566
6 6 7,109,376.63996219635015
6 6 8,110,380.0814747810364
6 6 9,111,383.5072517
6 6 10,112,386.9439661502839
6 6 11,113,390.41313529014593
6 6 12,114,393.8704729080201
6 6 13,115,397.3579108715058
6 6 14,116,400.8334577083589
6 6 15,117,404.33630347251903
6 6 16,118,407.8405201
6 7 0,103,356.28861188888555
6 7 1,104,359.6391976
6 7 2,105,363.0196154117585
6 7 3,106,366.3952052593232
6 7 4,107,369.7858750820161
6 7 5,108,373.2313811779023
6 7 6,109,376.6432404518128
6 7 7,110,380.09476661682135
6 7 8,111,383.5154473781586
6 7 9,112,386.9709670543671
6 7 10,113,390.4243409633637
6 7 11,114,393.8898146152497
6 7 12,115,397.3689973
6 7 13,116,400.8610248565675
6 7 14,117,404.34810519218456
6 7 15,118,407.85449743270885
6 7 16,119,411.3696217536928
6 8 0,104,359.6381545066834
6 8 1,105,363.0154132843018
6 8 2,106,366.3914799690247
6 8 3,107,369.7897493839265
6 8 4,108,373.2250630855561
6 8 5,109,376.6494989395142
6 8 6,110,380.0958693027497
6 8 7,111,383.53982567787176
6 8 8,112,386.9765102863312
6 8 9,113,390.44341444969183
6 8 10,114,393.91216635704046
6 8 11,115,397.3766863346101
6 8 12,116,400.8783996105195
6 8 13,117,404.3715000152589
6 8 14,118,407.8744649887086
6 8 15,119,411.39137744903576
6 8 16,120,414.9063825607301
6 9 0,105,362.9938960075379
6 9 1,106,366.3852214813233
6 9 2,107,369.79314684867865
6 9 3,108,373.2201159000397
6 9 4,109,376.6587079
6 9 5,110,380.0948262214661
6 9 6,111,383.5389912128449
6 9 7,112,386.9811594486237
6 9 8,113,390.4613554477692
6 9 9,114,393.9244747161866
6 9 10,115,397.3956108093263
6 9 11,116,400.8792638778688
6 9 12,117,404.37236428260815
6 9 13,118,407.87941217422497
6 9 14,119,411.4072024822236
6 9 15,120,414.9184823036195
6 9 16,121,418.4488058090211
6 10 0,106,366.4049208164216
6 10 1,107,369.7960376739503
6 10 2,108,373.20962548255926
6 10 3,109,376.6703307628632
6 10 4,110,380.1060914993287
6 10 5,111,383.54685902595526
6 10 6,112,387.0017230510712
6 10 7,113,390.4616832733155
6 10 8,114,393.9353227615357
6 10 9,115,397.41745591163647
6 10 10,116,400.8996188640596
6 10 11,117,404.3919742107393
6 10 12,118,407.9076945781709
6 10 13,119,411.4240407943727
6 10 14,120,414.938658475876
6 10 15,121,418.4684157371522
6 10 16,122,422.0061600208284
6 11 0,107,369.8107600212098
6 11 1,108,373.2185065746308
6 11 2,109,376.6441643238068
6 11 3,110,380.1152110099793
6 11 4,111,383.56095552444464
6 11 5,112,387.0269060134888
6 11 6,113,390.4653787612916
6 11 7,114,393.9521610736848
6 11 8,115,397.4468111991884
6 11 9,116,400.9145200252534
6 11 10,117,404.4166207313539
6 11 11,118,407.91818499565136
6 11 12,119,411.436826
6 11 13,120,414.9599671363832
6 11 14,121,418.4944331645967
6 11 15,122,422.0271408557893
6 11 16,123,425.57212710380566
6 12 0,108,373.2139468193055
6 12 1,109,376.6480386257172
6 12 2,110,380.1035881042481
6 12 3,111,383.5621774196625
6 12 4,112,387.03143596649176
6 12 5,113,390.48385620117193
6 12 6,114,393.9617276191712
6 12 7,115,397.4423110485078
6 12 8,116,400.9425342082978
6 12 9,117,404.4367372989656
6 12 10,118,407.9415202140809
6 12 11,119,411.4602506160737
6 12 12,120,414.97668623924267
6 12 13,121,418.5093641281129
6 12 14,122,422.0532774925233
6 12 15,123,425.5977571010591
6 12 16,124,429.14563417434704
6 13 0,109,376.6545951366425
6 13 1,110,380.0868690013886
6 13 2,111,383.5747539997101
6 13 3,112,387.0328367
6 13 4,113,390.504151582718
6 13 5,114,393.9646482467652
6 13 6,115,397.4665701389314
6 13 7,116,400.9664952754976
6 13 8,117,404.45664525032055
6 13 9,118,407.96056389808666
6 13 10,119,411.4826321601869
6 13 11,120,415.0058925151826
6 13 12,121,418.5376167297365
6 13 13,122,422.0813512802125
6 13 14,123,425.6227612495424
6 13 15,124,429.1723966598512
6 13 16,125,432.6606095
6 14 0,110,380.10051846504217
6 14 1,111,383.5453093051911
6 14 2,112,387.0399892
6 14 3,113,390.5109167099
6 14 4,114,393.9882814884186
6 14 5,115,397.4865972995759
6 14 6,116,400.9661972522737
6 14 7,117,404.4843912124635
6 14 8,118,407.9801440238954
6 14 9,119,411.51079535484325
6 14 10,120,415.0300025939943
6 14 11,121,418.5589253902437
6 14 12,122,422.1009612083436
6 14 13,123,425.6521761
6 14 14,124,429.20321226120006
6 14 15,125,432.6928555965425
6 14 16,126,436.3353252
6 15 0,111,383.5617303848267
6 15 1,112,387.0468139648438
6 15 2,113,390.52131772041326
6 15 3,114,393.9995765686036
6 15 4,115,397.4910676479341
6 15 5,116,400.98559856414806
6 15 6,117,404.4979810714723
6 15 7,118,408.00756216049206
6 15 8,119,411.5292131900789
6 15 9,120,415.0606989860536
6 15 10,121,418.58866810798656
6 15 11,122,422.1294522285463
6 15 12,123,425.6829619407655
6 15 13,124,429.2327761650087
6 15 14,125,432.7344894409181
6 15 15,126,436.3660812377931
6 15 16,127,439.9456679821016
6 16 0,112,387.02636957168585
6 16 1,113,390.5279934406281
6 16 2,114,394.02046799659735
6 16 3,115,397.4965215
6 16 4,116,401.0085165500642
6 16 5,117,404.5143425464631
6 16 6,118,408.0284833908082
6 16 7,119,411.55338287353527
6 16 8,120,415.08042812347423
6 16 9,121,418.61659288406383
6 16 10,122,422.1623539924623
6 16 11,123,425.7112741470338
6 16 12,124,429.2668402194978
6 16 13,125,432.7434897422792
6 16 14,126,436.4040494
6 16 15,127,439.9805366992952
6 16 16,128,443.5668885707856
7 0 0,112,365.4246032238007
7 0 1,113,368.9659237861634
7 0 2,114,372.4064528942109
7 0 3,115,375.9498894214631
7 0 4,116,379.45899367332464
7 0 5,117,382.9431533813477
7 0 6,118,386.4275813102723
7 0 7,119,389.9215757846833
7 0 8,120,393.42463016510015
7 0 9,121,396.9391584396363
7 0 10,122,400.5094766616822
7 0 11,123,404.0405154228211
7 0 12,124,407.5823128
7 0 13,125,411.12631559371954
7 0 14,126,414.68060016632086
7 0 15,127,418.2334244251252
7 0 16,128,421.8094050884248
7 1 0,113,368.9625263214112
7 1 1,114,372.44457006454473
7 1 2,115,375.92551112174993
7 1 3,116,379.4677555561066
7 1 4,117,382.9496502876282
7 1 5,118,386.43559813499456
7 1 6,119,389.9205327033997
7 1 7,120,393.4267461299897
7 1 8,121,396.9398736953736
7 1 9,122,400.48998594284063
7 1 10,123,404.0401875972749
7 1 11,124,407.57897496223455
7 1 12,125,411.12965345382696
7 1 13,126,414.68396782875067
7 1 14,127,418.2423353195191
7 1 15,128,421.81393504142767
7 1 16,129,425.38693547248846
7 2 0,114,372.40338325500494
7 2 1,115,375.9219944477082
7 2 2,116,379.43497300148016
7 2 3,117,382.9539716243745
7 2 4,118,386.44146919250494
7 2 5,119,389.92819190025335
7 2 6,120,393.43097805976873
7 2 7,121,396.9449400901795
7 2 8,122,400.5209505558015
7 2 9,123,404.0363729000092
7 2 10,124,407.5876176
7 2 11,125,411.1375212669373
7 2 12,126,414.6859645843506
7 2 13,127,418.25023293495184
7 2 14,128,421.8222796916962
7 2 15,129,425.3900945186616
7 2 16,130,428.97349596023565
7 3 0,115,375.92619657516485
7 3 1,116,379.4372975826264
7 3 2,117,382.95152783393866
7 3 3,118,386.4408135414124
7 3 4,119,389.9365067481995
7 3 5,120,393.4464156627656
7 3 6,121,396.9544470310212
7 3 7,122,400.5328714847565
7 3 8,123,404.0551185607911
7 3 9,124,407.5866043567658
7 3 10,125,411.1320674419404
7 3 11,126,414.69803452491766
7 3 12,127,418.2496070861817
7 3 13,128,421.820879
7 3 14,129,425.3947436809541
7 3 15,130,428.9853274822236
7 3 16,131,432.5665236
7 4 0,116,379.3805837631226
7 4 1,117,382.9451203346253
7 4 2,118,386.44140958786016
7 4 3,119,389.9482190608979
7 4 4,120,393.4613466262818
7 4 5,121,396.965116262436
7 4 6,122,400.4781544208527
7 4 7,123,404.0659964084626
7 4 8,124,407.6029062271119
7 4 9,125,411.1455679
7 4 10,126,414.6913588047028
7 4 11,127,418.2787239551545
7 4 12,128,421.8267202
7 4 13,129,425.3955781459809
7 4 14,130,428.98511886596685
7 4 15,131,432.5731098651887
7 4 16,132,436.1661970615388
7 5 0,117,382.9206824302674
7 5 1,118,386.4625990390778
7 5 2,119,389.9415731430054
7 5 3,120,393.45759153366095
7 5 4,121,396.9846963882447
7 5 5,122,400.4878699779511
7 5 6,123,404.0668010711671
7 5 7,124,407.6210856437684
7 5 8,125,411.1547172
7 5 9,126,414.705365896225
7 5 10,127,418.2741045951844
7 5 11,128,421.84764146804815
7 5 12,129,425.4178702831269
7 5 13,130,428.9860129356385
7 5 14,131,432.5757026672365
7 5 15,132,436.1732900142671
7 5 16,133,439.7861361503602
7 6 0,118,386.43950223922735
7 6 1,119,389.9512887001038
7 6 2,120,393.4580981731416
7 6 3,121,396.9774544239045
7 6 4,122,400.4981815814973
7 6 5,123,404.0723443031312
7 6 6,124,407.6195955
7 6 7,125,411.16118431091314
7 6 8,126,414.7236049175263
7 6 9,127,418.2849824428559
7 6 10,128,421.8457639217377
7 6 11,129,425.4187345504761
7 6 12,130,429.0054142475129
7 6 13,131,432.5822591781617
7 6 14,132,436.1808300018312
7 6 15,133,439.7849440574647
7 6 16,134,443.3971047401429
7 7 0,119,389.9467289447785
7 7 1,120,393.4625685214997
7 7 2,121,396.9836533069611
7 7 3,122,400.5075097084046
7 7 4,123,404.0371179580689
7 7 5,124,407.6226055622101
7 7 6,125,411.1697375774384
7 7 7,126,414.7131741046906
7 7 8,127,418.28972101211554
7 7 9,128,421.8603670597077
7 7 10,129,425.4311025
7 7 11,130,429.014414548874
7 7 12,131,432.5989484786989
7 7 13,132,436.1957609653474
7 7 14,133,439.8014247417451
7 7 15,134,443.4101283550264
7 7 16,135,447.0178782939912
7 8 0,120,393.4635519981385
7 8 1,121,396.9841599464417
7 8 2,122,400.52041411399847
7 8 3,123,404.0474891662598
7 8 4,124,407.6341390609742
7 8 5,125,411.1782908439637
7 8 6,126,414.7340357
7 8 7,127,418.2943403720856
7 8 8,128,421.8831360340119
7 8 9,129,425.4472553730012
7 8 10,130,429.0257096290589
7 8 11,131,432.6205849647523
7 8 12,132,436.20771169662487
7 8 13,133,439.8118257522584
7 8 14,134,443.4141516685487
7 8 15,135,447.03200459480297
7 8 16,136,450.6531655788423
7 9 0,121,396.9990015029908
7 9 1,122,400.51025152206427
7 9 2,123,404.0636122226716
7 9 3,124,407.6133370399476
7 9 4,125,411.1919403076173
7 9 5,126,414.75954651832586
7 9 6,127,418.3125197887421
7 9 7,128,421.8869805335999
7 9 8,129,425.4641234874726
7 9 9,130,429.0426075458527
7 9 10,131,432.6323866844178
7 9 11,132,436.2316131591798
7 9 12,133,439.8297667503358
7 9 13,134,443.4355199337007
7 9 14,135,447.0439255237581
7 9 15,136,450.6749510765077
7 9 16,137,454.2956054210664
7 10 0,122,400.5266129970551
7 10 1,123,404.05854582786566
7 10 2,124,407.6032340526581
7 10 3,125,411.2123847007752
7 10 4,126,414.7788286209107
7 10 5,127,418.3271229267121
7 10 6,128,421.8983054161072
7 10 7,129,425.4730343818665
7 10 8,130,429.0629327297211
7 10 9,131,432.6407909393312
7 10 10,132,436.24043464660656
7 10 11,133,439.84204530715954
7 10 12,134,443.4475600719453
7 10 13,135,447.0644593238832
7 10 14,136,450.6874680519105
7 10 15,137,454.30973172187817
7 10 16,138,457.9480290412904
7 11 0,123,404.0859043598176
7 11 1,124,407.6108634471894
7 11 2,125,411.1644625663758
7 11 3,126,414.7698879241944
7 11 4,127,418.3538854122162
7 11 5,128,421.9079911708832
7 11 6,129,425.4896640777589
7 11 7,130,429.0756285190583
7 11 8,131,432.66335129737865
7 11 9,132,436.2635612487794
7 11 10,133,439.8629367351533
7 11 11,134,443.4803128242494
7 11 12,135,447.0835328102113
7 11 13,136,450.7068097591401
7 11 14,137,454.3278813362123
7 11 15,138,457.96871185302746
7 11 16,139,461.6021215915681
7 12 0,124,407.61697292327887
7 12 1,125,411.1746252
7 12 2,126,414.77552056312567
7 12 3,127,418.3448553085328
7 12 4,128,421.9325482845307
7 12 5,129,425.5030453205109
7 12 6,130,429.0886819362641
7 12 7,131,432.6755702495576
7 12 8,132,436.27652525901806
7 12 9,133,439.8806691
7 12 10,134,443.4898197650911
7 12 11,135,447.1055269241334
7 12 12,136,450.7276415824891
7 12 13,137,454.3496668338777
7 12 14,138,457.98909664154064
7 12 15,139,461.6229236125947
7 12 16,140,465.1845991611482
7 13 0,125,411.1857116222382
7 13 1,126,414.74720835685736
7 13 2,127,418.3581173419953
7 13 3,128,421.93171381950384
7 13 4,129,425.5226850509644
7 13 5,130,429.1046559810639
7 13 6,131,432.7015578746797
7 13 7,132,436.2970590591432
7 13 8,133,439.9192035198213
7 13 9,134,443.5156583786012
7 13 10,135,447.1284449100496
7 13 11,136,450.7587254047395
7 13 12,137,454.3788731098176
7 13 13,138,458.0073654651643
7 13 14,139,461.6509675979616
7 13 15,140,465.1947617530824
7 13 16,141,468.940317630768
7 14 0,126,414.7644937038422
7 14 1,127,418.3380603790284
7 14 2,128,421.94548249244696
7 14 3,129,425.5337119102479
7 14 4,130,429.11562323570257
7 14 5,131,432.7147006988527
7 14 6,132,436.33034825325024
7 14 7,133,439.9291872978212
7 14 8,134,443.5437024
7 14 9,135,447.15794920921337
7 14 10,136,450.7820010185243
7 14 11,137,454.40644025802624
7 14 12,138,458.03561806678783
7 14 13,139,461.68005466461193
7 14 14,140,465.2807116508485
7 14 15,141,468.9691364765168
7 14 16,142,472.61279821395885
7 15 0,127,418.3159172534943
7 15 1,128,421.965628862381
7 15 2,129,425.56977272033697
7 15 3,130,429.1481971740724
7 15 4,131,432.7328503131868
7 15 5,132,436.3495707511903
7 15 6,133,439.9518668651582
7 15 7,134,443.5641169548036
7 15 8,135,447.1795856952669
7 15 9,136,450.8073925971986
7 15 10,137,454.4300436973573
7 15 11,138,458.0683708190919
7 15 12,139,461.70666813850414
7 15 13,140,465.3100967407228
7 15 14,141,468.9989984035493
7 15 15,142,472.6449251174928
7 15 16,143,476.2987792491914
7 16 0,128,421.8905866146088
7 16 1,129,425.5525469779969
7 16 2,130,429.1650950908662
7 16 3,131,432.74983763694775
7 16 4,132,436.3607764244081
7 16 5,133,439.9706721305848
7 16 6,134,443.5822069644929
7 16 7,135,447.2087621688844
7 16 8,136,450.8359134197236
7 16 9,137,454.4735848903657
7 16 10,138,458.0987394
7 16 11,139,461.7443382740022
7 16 12,140,465.35152196884167
7 16 13,141,469.0294861793519
7 16 14,142,472.6749658584596
7 16 15,143,476.3328731060029
7 16 16,144,479.9936413764955
8 0 0,128,399.0610837936402
8 0 1,129,402.6620090007783
8 0 2,130,406.3003957271577
8 0 3,131,410.0039601325989
8 0 4,132,413.6039316654206
8 0 5,133,417.16009378433233
8 0 6,134,420.76060175895697
8 0 7,135,424.42005872726446
8 0 8,136,428.0665814876557
8 0 9,137,431.7011535167695
8 0 10,138,435.38677692413336
8 0 11,139,439.0815496444703
8 0 12,140,442.73132085800177
8 0 13,141,446.36923074722296
8 0 14,142,450.0183463096619
8 0 15,143,453.6738097667695
8 0 16,144,457.34763145446783
8 1 0,129,402.67094969749456
8 1 1,130,406.3438475131989
8 1 2,131,410.0149869918824
8 1 3,132,413.6066436767578
8 1 4,133,417.2103703022004
8 1 5,134,420.8000302314759
8 1 6,135,424.4232177734376
8 1 7,136,428.0615150928498
8 1 8,137,431.7160844802857
8 1 9,138,435.3874027729035
8 1 10,139,439.09659981727606
8 1 11,140,442.7278339862824
8 1 12,141,446.3966190814973
8 1 13,142,450.01852512359625
8 1 14,143,453.6829590797425
8 1 15,144,457.3486745357514
8 1 16,145,461.0017240047456
8 2 0,130,406.2547087669373
8 2 1,131,409.9708199501038
8 2 2,132,413.6121273040772
8 2 3,133,417.22136735916143
8 2 4,134,420.810729265213
8 2 5,135,424.4296252727509
8 2 6,136,428.0785322189332
8 2 7,137,431.6784441471101
8 2 8,138,435.3929162025452
8 2 9,139,439.1125738620759
8 2 10,140,442.7351355552674
8 2 11,141,446.3945925235749
8 2 12,142,450.0330090522767
8 2 13,143,453.6966681480408
8 2 14,144,457.3458135128022
8 2 15,145,460.9832167625428
8 2 16,146,464.6828472614289
8 3 0,131,409.9658131599427
8 3 1,132,413.5735034942628
8 3 2,133,417.1715975
8 3 3,134,420.8145141601563
8 3 4,135,424.39323663711554
8 3 5,136,428.0310273170472
8 3 6,137,431.68839812278753
8 3 7,138,435.34588813781744
8 3 8,139,439.0789866447449
8 3 9,140,442.7443742752076
8 3 10,141,446.39658927917486
8 3 11,142,450.039953
8 3 12,143,453.6959528923035
8 3 13,144,457.3524892
8 3 14,145,461.03340387344366
8 3 15,146,464.68001604080206
8 3 16,147,468.3257341384888
8 4 0,132,413.57517242431646
8 4 1,133,417.17311739921576
8 4 2,134,420.8178818225861
8 4 3,135,424.4028925895692
8 4 4,136,428.0465245246888
8 4 5,137,431.6979647
8 4 6,138,435.3699088096619
8 4 7,139,439.09302353858953
8 4 8,140,442.7503645420075
8 4 9,141,446.4081525802613
8 4 10,142,450.0646889209748
8 4 11,143,453.7076354026795
8 4 12,144,457.3509097099305
8 4 13,145,461.0092938
8 4 14,146,464.68657255172735
8 4 15,147,468.32951903343206
8 4 16,148,472.00024127960216
8 5 0,133,417.1340763568879
8 5 1,134,420.8027720451356
8 5 2,135,424.4377613067628
8 5 3,136,428.05409431457525
8 5 4,137,431.6925704479218
8 5 5,138,435.3738129138947
8 5 6,139,439.0734136104584
8 5 7,140,442.7774548530579
8 5 8,141,446.4102983474732
8 5 9,142,450.0583708286286
8 5 10,143,453.7044763565064
8 5 11,144,457.3730528354645
8 5 12,145,461.04049682617193
8 5 13,146,464.67322111129766
8 5 14,147,468.33875775337225
8 5 15,148,472.0078706741334
8 5 16,149,475.7010043
8 6 0,134,420.7853078842164
8 6 1,135,424.4259595870972
8 6 2,136,428.0197918
8 6 3,137,431.7263662815095
8 6 4,138,435.3444278240205
8 6 5,139,439.03878331184393
8 6 6,140,442.7477121
8 6 7,141,446.4216232299805
8 6 8,142,450.0744342803956
8 6 9,143,453.69634032249456
8 6 10,144,457.37490057945257
8 6 11,145,461.0485733
8 6 12,146,464.6779596805573
8 6 13,147,468.3561325073243
8 6 14,148,472.0158874988557
8 6 15,149,475.7108688354493
8 6 16,150,479.4094562530519
8 7 0,135,424.4394004344941
8 7 1,136,428.0256927013398
8 7 2,137,431.6934347152711
8 7 3,138,435.3539943695069
8 7 4,139,439.0414953231812
8 7 5,140,442.72458553314215
8 7 6,141,446.43178582191473
8 7 7,142,450.0920176506043
8 7 8,143,453.7365138530732
8 7 9,144,457.3854207992554
8 7 10,145,461.02276444435125
8 7 11,146,464.6891653537751
8 7 12,147,468.3615267276765
8 7 13,148,472.0278084278108
8 7 14,149,475.7416844367982
8 7 15,150,479.4226885
8 7 16,151,483.0854535102845
8 8 0,136,428.0558824539185
8 8 1,137,431.7007958889008
8 8 2,138,435.3632926940919
8 8 3,139,439.009577
8 8 4,140,442.6919519901276
8 8 5,141,446.4609622955323
8 8 6,142,450.1020014286042
8 8 7,143,453.7413120269776
8 8 8,144,457.3736190795899
8 8 9,145,461.0562920570374
8 8 10,146,464.7145867347718
8 8 11,147,468.3660566806794
8 8 12,148,472.079247236252
8 8 13,149,475.7594466209413
8 8 14,150,479.43204641342174
8 8 15,151,483.1056594848634
8 8 16,152,486.7941439151765
8 9 0,137,431.7110478878022
8 9 1,138,435.37440896034246
8 9 2,139,438.9927685260773
8 9 3,140,442.6915347576142
8 9 4,141,446.4311898
8 9 5,142,450.102597475052
8 9 6,143,453.7434279918671
8 9 7,144,457.40398764610296
8 9 8,145,461.0655903816224
8 9 9,146,464.7389948368073
8 9 10,147,468.42694282531744
8 9 11,148,472.0904827117921
8 9 12,149,475.76770186424267
8 9 13,150,479.4500470161439
8 9 14,151,483.1292927265168
8 9 15,152,486.8062734603883
8 9 16,153,490.4890060424806
8 10 0,138,435.3409111499787
8 10 1,139,439.0019774436951
8 10 2,140,442.70205497741705
8 10 3,141,446.40022516250616
8 10 4,142,450.0948488712312
8 10 5,143,453.75257730484014
8 10 6,144,457.41680264472967
8 10 7,145,461.0805809497834
8 10 8,146,464.7729396820069
8 10 9,147,468.43707561492926
8 10 10,148,472.1238613128663
8 10 11,149,475.78930854797375
8 10 12,150,479.4642627239229
8 10 13,151,483.13754796981823
8 10 14,152,486.8204891681672
8 10 15,153,490.5092716217042
8 10 16,154,494.2015111446382
8 11 0,139,439.01455402374273
8 11 1,140,442.6616728305817
8 11 2,141,446.3388621807099
8 11 3,142,450.0825405
8 11 4,143,453.7867605686188
8 11 5,144,457.4246705
8 11 6,145,461.1118435859681
8 11 7,146,464.783936738968
8 11 8,147,468.4585928916932
8 11 9,148,472.1304178237916
8 11 10,149,475.8036732673646
8 11 11,150,479.4890285
8 11 12,151,483.1583797931672
8 11 13,152,486.8469834327699
8 11 14,153,490.5288517475129
8 11 15,154,494.2196309566499
8 11 16,155,497.8218078613282
8 12 0,140,442.6811039447785
8 12 1,141,446.3592171669007
8 12 2,142,450.0179588794709
8 12 3,143,453.7933468818665
8 12 4,144,457.46043324470526
8 12 5,145,461.13759279251104
8 12 6,146,464.8023545742036
8 12 7,147,468.4833884239198
8 12 8,148,472.15044498443615
8 12 9,149,475.8300483226777
8 12 10,150,479.51558232307445
8 12 11,151,483.18135738372814
8 12 12,152,486.8631064891816
8 12 13,153,490.5233681201936
8 12 14,154,494.2118525505067
8 12 15,155,497.8514015674592
8 12 16,156,501.5834569931032
8 13 0,141,446.3336467742921
8 13 1,142,450.02728700637823
8 13 2,143,453.7538886070252
8 13 3,144,457.48826861381536
8 13 4,145,461.1567854881287
8 13 5,146,464.8105204105378
8 13 6,147,468.4925973415376
8 13 7,148,472.1728265285493
8 13 8,149,475.8506119251253
8 13 9,150,479.5237481594087
8 13 10,151,483.177959918976
8 13 11,152,486.8611693382264
8 13 12,153,490.5503690242769
8 13 13,154,494.2473769187928
8 13 14,155,497.86582589149486
8 13 15,156,501.6067624092103
8 13 16,157,505.2724480628968
8 14 0,142,450.0058591365815
8 14 1,143,453.7088871002198
8 14 2,144,457.4644565582276
8 14 3,145,461.1652195453645
8 14 4,146,464.8306667804719
8 14 5,147,468.5074985027314
8 14 6,148,472.1623063087465
8 14 7,149,475.84337
8 14 8,150,479.53689098358166
8 14 9,151,483.2108318805696
8 14 10,152,486.9122505187989
8 14 11,153,490.5706346035005
8 14 12,154,494.26159262657177
8 14 13,155,497.9364275932313
8 14 14,156,501.63304805755627
8 14 15,157,505.3017139434816
8 14 16,158,509.00989770889294
8 15 0,143,453.7228345870972
8 15 1,144,457.3876261711121
8 15 2,145,461.1834883689881
8 15 3,146,464.8562371730805
8 15 4,147,468.49879622459423
8 15 5,148,472.1989333629609
8 15 6,149,475.8915007114412
8 15 7,150,479.5477688312532
8 15 8,151,483.21738839149486
8 15 9,152,486.9095087051393
8 15 10,153,490.6011819839479
8 15 11,154,494.29243803024303
8 15 12,155,497.9819655418397
8 15 13,156,501.6618967056276
8 15 14,157,505.3277611732484
8 15 15,158,509.0343952178956
8 15 16,159,512.7291083335878
8 16 0,144,457.3589563369752
8 16 1,145,461.1148536205292
8 16 2,146,464.8741185665131
8 16 3,147,468.5473144054414
8 16 4,148,472.2037613391877
8 16 5,149,475.90383887290966
8 16 6,150,479.5806407928468
8 16 7,151,483.26948285102856
8 16 8,152,486.9385361671449
8 16 9,153,490.63730239868175
8 16 10,154,494.3298697
8 16 11,155,497.9645609855653
8 16 12,156,501.7274618148805
8 16 13,157,505.3957104682924
8 16 14,158,509.06336307525646
8 16 15,159,512.7636194229127
8 16 16,160,516.4123774
